Species,Trait,GBLUP_median_PA_wiser,GBLUP_median_PA_ls_means,GBLUP_median_PA_blups,GBLUP_median_PA_blups_pca,GBLUP_median_h2_wiser,GBLUP_median_h2_ls_means,GBLUP_median_h2_blups,GBLUP_median_h2_blups_pca,Genotype_entropy,Genotype_site_entropy,Genotype_envir_entropy,Number_of_clusters,CH_value,Fst_value
Apple,Color_over,0.78 (0.05),0.70 (0.05),0.70 (0.05),0.48 (0.07),0.90 (0.03),0.84 (0.03),0.84 (0.03),0.76 (0.05),8.92255857829085,11.1858354533701,13.4872789372813,30,33499.1618901411,0.052342
Apple,Flowering_begin,0.92 (0.02),0.64 (0.09),0.64 (0.09),0.55 (0.09),0.99 (0.00),0.94 (0.02),0.94 (0.02),0.93 (0.03),8.95413100708499,11.3719221361233,13.8740075470518,30,35323.3117504304,0.050304
Apple,Flowering_end,0.86 (0.05),0.44 (0.10),0.44 (0.10),0.36 (0.10),1.00 (0.00),0.73 (0.03),0.73 (0.03),0.69 (0.04),8.79016443473871,8.79016443473871,10.6534469890732,30,27713.3267704675,0.116978
Apple,Flowering_full,0.80 (0.04),0.40 (0.10),0.42 (0.09),0.33 (0.09),0.94 (0.02),0.67 (0.06),0.69 (0.05),0.64 (0.05),8.78516617139779,8.78516617139779,9.99933613915523,30,18771.9124535055,0.114164
Apple,Flowering_intensity,0.66 (0.09),0.52 (0.09),0.52 (0.09),0.32 (0.11),0.77 (0.03),0.66 (0.04),0.67 (0.04),0.56 (0.07),8.95906933613868,11.3632954221446,13.9137711777064,30,33314.676611048,0.056326
Apple,Fruit_number,0.78 (0.04),0.67 (0.06),0.67 (0.06),0.34 (0.10),0.76 (0.03),0.65 (0.04),0.65 (0.04),0.42 (0.08),8.92969948999502,11.2600595855674,13.6662279516014,30,36838.9178387071,0.058478
Apple,Fruit_weight,0.78 (0.04),0.65 (0.06),0.65 (0.05),0.30 (0.10),0.75 (0.03),0.59 (0.03),0.59 (0.04),0.35 (0.08),8.92911516473872,11.285778752073,13.7165121737998,28,31207.4164965317,0.049206
Apple,Fruit_weight_single,0.73 (0.05),0.58 (0.07),0.58 (0.07),0.52 (0.09),0.93 (0.02),0.81 (0.04),0.81 (0.04),0.79 (0.04),8.92799527078058,11.2562535754089,13.6544364857902,30,34052.6974287989,0.057286
Apple,Harvest_date,0.90 (0.03),0.76 (0.06),0.76 (0.06),0.59 (0.07),0.97 (0.01),0.92 (0.02),0.92 (0.02),0.88 (0.02),8.93005941655238,11.2876522618176,13.7198866510614,30,36089.1568849804,0.053084
Apple,Powdery_mildew,0.56 (0.08),0.40 (0.10),0.40 (0.10),0.28 (0.10),0.74 (0.04),0.51 (0.05),0.52 (0.05),0.36 (0.09),8.86472256082486,10.2377712744673,11.2784863846658,30,32748.5882912205,0.050836
Apple,Russet_freq_all,0.60 (0.07),0.46 (0.09),0.46 (0.09),0.36 (0.10),0.81 (0.04),0.67 (0.06),0.67 (0.05),0.54 (0.10),8.91955390600495,10.9408226666165,13.2445287768805,26,31014.4342892412,0.057018
Apple,Scab,0.56 (0.09),0.33 (0.10),0.34 (0.09),0.21 (0.12),0.68 (0.04),0.44 (0.05),0.45 (0.04),0.29 (0.06),8.90173461400352,9.9701237050798,11.0997405758602,28,31021.8265017053,0.102432
Apple,Trunk_diameter,0.66 (0.06),0.50 (0.06),0.50 (0.06),0.28 (0.09),0.82 (0.03),0.59 (0.04),0.59 (0.04),0.35 (0.11),8.95853275217566,11.3508103168379,13.9181730874379,30,34306.5162574586,0.05396
Apple,Trunk_increment,0.51 (0.07),0.49 (0.06),0.48 (0.06),0.25 (0.12),0.59 (0.04),0.53 (0.04),0.53 (0.05),0.25 (0.14),8.9579806897615,11.3102010509116,13.8172380571881,30,32098.2867345782,0.054968
Maize,anthesis,0.74 (0.07),0.69 (0.07),0.69 (0.07),0.49 (0.11),0.96 (0.02),0.93 (0.03),0.93 (0.03),0.88 (0.04),7.93206360002306,11.1177125279163,14.1455407238976,28,10132.0272291888,0.0253292682926829
Maize,anthesis.silking.interval,0.66 (0.07),0.37 (0.18),0.37 (0.18),0.11 (0.20),0.82 (0.05),0.66 (0.11),0.66 (0.11),0.00 (0.06),7.93150493746455,11.1107999225632,14.1324638008496,30,10197.9488084177,0.0265292682926829
Maize,ear.height,0.67 (0.07),0.24 (0.15),0.24 (0.13),0.11 (0.19),0.69 (0.05),0.60 (0.14),0.55 (0.15),0.00 (0.01),7.93269572454941,11.1456379438623,14.1801734678212,28,9988.74243331127,0.0264756097560976
Maize,grain.number,0.68 (0.09),0.53 (0.14),0.52 (0.14),0.34 (0.16),0.96 (0.02),0.86 (0.06),0.85 (0.05),0.78 (0.09),7.93172101346371,11.1409335990193,14.066909929588,29,10092.3987979148,0.0247829268292683
Maize,grain.weight,0.61 (0.10),0.54 (0.13),0.54 (0.13),0.15 (0.18),0.65 (0.06),0.83 (0.06),0.83 (0.05),0.00 (0.00),7.93163401141099,11.1411264939346,14.0654804326264,29,9944.8477731674,0.0276439024390244
Maize,grain.yield,0.77 (0.08),0.66 (0.10),0.66 (0.11),0.32 (0.16),0.97 (0.02),0.93 (0.04),0.92 (0.05),0.80 (0.10),7.93288447458172,11.1465565199972,14.1742559627851,29,10041.9508201158,0.0247024390243902
Maize,plant.height,0.67 (0.08),0.22 (0.15),0.22 (0.15),0.18 (0.12),0.68 (0.05),0.34 (0.15),0.33 (0.15),0.00 (0.01),7.932803651038,11.1455703191783,14.1810279423441,27,10145.323957908,0.0239414634146341
Maize,silking,0.70 (0.08),0.67 (0.06),0.66 (0.07),0.40 (0.13),0.71 (0.04),0.92 (0.04),0.92 (0.03),0.85 (0.06),7.93154526015039,11.1108228468679,14.1327850277871,28,9993.2895486359,0.0223463414634146
Maize,tassel.height,0.67 (0.07),0.30 (0.14),0.30 (0.14),0.16 (0.16),0.68 (0.04),0.54 (0.12),0.54 (0.12),0.00 (0.00),7.93417288782881,11.0130500406211,13.9624831433283,25,9876.78432932333,0.0220170731707317
Pine,D,0.66 (0.10),0.08 (0.19),0.14 (0.17),0.11 (0.19),0.95 (0.03),0.00 (0.17),0.03 (0.22),0.00 (0.07),7.69527824431267,7.69527824431267,9.99293833616581,30,1835.78470295412,0.03511
Pine,H,0.72 (0.08),0.18 (0.17),0.31 (0.16),0.23 (0.18),0.97 (0.01),0.30 (0.39),0.56 (0.16),0.44 (0.52),7.69348695749932,7.69348695749932,7.69348695749932,30,429.568692996342,0.019285
Pine,I,0.35 (0.25),0.10 (0.21),0.31 (0.20),0.20 (0.20),0.73 (0.16),0.00 (0.01),0.62 (0.22),0.00 (0.00),7.69310862403437,7.69310862403437,10.1535520317081,29,2217.58158517937,0.03445
Pine,T4,0.39 (0.22),0.24 (0.18),0.32 (0.20),0.30 (0.23),0.74 (0.14),0.54 (0.22),0.62 (0.22),0.59 (0.24),7.70014377485693,7.70014377485693,10.0195907283579,30,1936.29134662131,0.034715
Pine,T5,0.26 (0.25),0.14 (0.22),0.26 (0.24),0.12 (0.24),0.52 (0.23),0.30 (0.44),0.48 (0.28),0.00 (0.23),7.69979259183516,7.69979259183516,10.0195907283579,30,1790.116954818,0.03763
Pine,T6,0.20 (0.27),0.14 (0.24),0.20 (0.26),0.11 (0.28),0.28 (0.34),0.08 (0.31),0.30 (0.35),0.00 (0.11),7.69540708972867,7.69540708972867,9.99435343685886,29,1899.4545924377,0.035
Rice,FL,0.74 (0.05),0.41 (0.12),0.41 (0.11),0.21 (0.11),0.87 (0.02),0.53 (0.06),0.53 (0.06),0.00 (0.00),8.36523960086478,9.36500561650877,11.8036675299901,3,1529.05199977852,0.00952222222222222
Rice,PH,0.73 (0.08),0.51 (0.09),0.51 (0.09),0.42 (0.09),0.86 (0.03),0.76 (0.03),0.76 (0.03),0.70 (0.05),8.36533446459072,9.36510945491838,11.8048598228595,3,1530.04760477135,0.00948888888888889
Rice,YLD,0.62 (0.08),0.49 (0.11),0.49 (0.11),0.42 (0.10),0.82 (0.04),0.73 (0.05),0.73 (0.05),0.68 (0.06),8.36524067024404,9.36450011984232,11.7945158529958,3,1512.18640532252,0.0095
Rice,ZN,0.69 (0.05),0.36 (0.16),0.36 (0.16),0.26 (0.19),0.84 (0.03),0.55 (0.10),0.56 (0.10),0.42 (0.17),8.36575639343844,9.36543185177787,11.801593289926,3,1528.10922948562,0.00955555555555556
